date,acceleration,x,y,z
07/22/2016 01:11:47.620282,-0.009918,-0.060791,-0.189453,1.031494 
07/22/2016 01:11:47.620781,-0.009491,0.0,0.0,0.0 
07/22/2016 01:11:47.621233,-0.009033,0.0,0.0,0.0 
07/22/2016 01:11:47.621673,-0.010513,0.0,0.0,0.0 
07/22/2016 01:11:47.631650,-0.010224,0.0,0.0,0.0 
07/22/2016 01:11:47.632103,-0.011398,-0.062988,-0.185791,1.02832 
07/22/2016 01:11:47.634050,-0.010346,0.0,0.0,0.0 
07/22/2016 01:11:47.634360,-0.010513,0.0,0.0,0.0 
07/22/2016 01:11:47.634639,-0.00914,0.0,0.0,0.0 
07/22/2016 01:11:47.636470,-0.00972,0.0,0.0,0.0 
07/22/2016 01:11:47.636927,-0.010498,-0.060303,-0.188232,1.030029 
07/22/2016 01:11:47.637209,-0.011063,0.0,0.0,0.0 
07/22/2016 01:11:47.642853,-0.010483,0.0,0.0,0.0 
07/22/2016 01:11:47.643164,-0.010208,0.0,0.0,0.0 
07/22/2016 01:11:47.643446,-0.010513,0.0,0.0,0.0 
07/22/2016 01:11:47.654380,-0.009918,-0.061035,-0.185547,1.030029 
07/22/2016 01:11:47.654871,-0.010132,0.0,0.0,0.0 
07/22/2016 01:11:47.655352,-0.011383,0.0,0.0,0.0 
07/22/2016 01:11:47.679421,-0.011597,0.0,0.0,0.0 
07/22/2016 01:11:47.679903,-0.010941,0.0,0.0,0.0 
07/22/2016 01:11:47.681528,-0.011551,-0.062012,-0.187744,1.030273 
07/22/2016 01:11:47.682012,-0.01059,0.0,0.0,0.0 
07/22/2016 01:11:47.682455,-0.011002,0.0,0.0,0.0 
07/22/2016 01:11:47.682890,-0.0103,0.0,0.0,0.0 
07/22/2016 01:11:47.688157,-0.009522,0.0,0.0,0.0 
07/22/2016 01:11:47.688864,-0.009461,-0.061523,-0.185059,1.029785 
07/22/2016 01:11:47.699141,-0.009888,0.0,0.0,0.0 
07/22/2016 01:11:47.699622,-0.010407,0.0,0.0,0.0 
07/22/2016 01:11:47.700062,-0.010056,0.0,0.0,0.0 
07/22/2016 01:11:47.701530,-0.010651,0.0,0.0,0.0 
07/22/2016 01:11:47.702239,-0.010422,-0.061523,-0.190674,1.027344 
07/22/2016 01:11:47.702682,-0.009888,0.0,0.0,0.0 
07/22/2016 01:11:47.704215,-0.010956,0.0,0.0,0.0 
07/22/2016 01:11:47.704696,-0.010681,0.0,0.0,0.0 
07/22/2016 01:11:47.705139,-0.010376,0.0,0.0,0.0 
07/22/2016 01:11:47.710738,-0.010864,-0.060059,-0.186523,1.032227 
07/22/2016 01:11:47.711212,-0.01062,0.0,0.0,0.0 
07/22/2016 01:11:47.711651,-0.009796,0.0,0.0,0.0 
07/22/2016 01:11:47.713035,-0.009827,0.0,0.0,0.0 
07/22/2016 01:11:47.713506,-0.009888,0.0,0.0,0.0 
07/22/2016 01:11:47.715306,-0.009979,-0.061279,-0.186035,1.031006 
07/22/2016 01:11:47.715614,-0.009644,0.0,0.0,0.0 
07/22/2016 01:11:47.715892,-0.012268,0.0,0.0,0.0 
07/22/2016 01:11:47.716167,-0.010101,0.0,0.0,0.0 
07/22/2016 01:11:47.738180,-0.010407,0.0,0.0,0.0 
07/22/2016 01:11:47.738886,-0.010971,-0.061768,-0.185791,1.031494 
07/22/2016 01:11:47.744335,-0.010895,0.0,0.0,0.0 
07/22/2016 01:11:47.744813,-0.010025,0.0,0.0,0.0 
07/22/2016 01:11:47.745304,-0.010986,0.0,0.0,0.0 
07/22/2016 01:11:47.746509,-0.011475,0.0,0.0,0.0 
07/22/2016 01:11:47.747220,-0.010895,-0.061035,-0.187744,1.031006 
07/22/2016 01:11:47.747662,-0.010269,0.0,0.0,0.0 
07/22/2016 01:11:47.749228,-0.010544,0.0,0.0,0.0 
07/22/2016 01:11:47.749705,-0.011093,0.0,0.0,0.0 
07/22/2016 01:11:47.750145,-0.011521,0.0,0.0,0.0 
07/22/2016 01:11:47.755712,-0.011521,-0.060303,-0.188232,1.03125 
07/22/2016 01:11:47.756187,-0.01355,0.0,0.0,0.0 
07/22/2016 01:11:47.756627,-0.011215,0.0,0.0,0.0 
07/22/2016 01:11:47.758084,-0.011002,0.0,0.0,0.0 
07/22/2016 01:11:47.758557,-0.011109,0.0,0.0,0.0 
07/22/2016 01:11:47.760266,-0.01059,-0.061279,-0.186768,1.031738 
07/22/2016 01:11:47.760574,-0.010742,0.0,0.0,0.0 
07/22/2016 01:11:47.760853,-0.010849,0.0,0.0,0.0 
07/22/2016 01:11:47.766716,-0.010636,0.0,0.0,0.0 
07/22/2016 01:11:47.767199,-0.008972,0.0,0.0,0.0 
07/22/2016 01:11:47.767957,-0.008057,-0.05957,-0.186768,1.030518 
07/22/2016 01:11:47.769164,-0.008865,0.0,0.0,0.0 
07/22/2016 01:11:47.769634,-0.009522,0.0,0.0,0.0 
07/22/2016 01:11:47.770069,-0.009705,0.0,0.0,0.0 
07/22/2016 01:11:47.795606,-0.010285,0.0,0.0,0.0 
07/22/2016 01:11:47.796317,-0.010925,-0.061523,-0.185791,1.031494 
07/22/2016 01:11:47.796759,-0.011444,0.0,0.0,0.0 
07/22/2016 01:11:47.800572,-0.01062,0.0,0.0,0.0 
07/22/2016 01:11:47.801045,-0.009903,0.0,0.0,0.0 
07/22/2016 01:11:47.801481,-0.009827,0.0,0.0,0.0 
07/22/2016 01:11:47.803160,-0.009842,-0.059814,-0.187256,1.030273 
07/22/2016 01:11:47.803677,-0.010315,0.0,0.0,0.0 
07/22/2016 01:11:47.804120,-0.010117,0.0,0.0,0.0 
07/22/2016 01:11:47.805673,-0.010391,0.0,0.0,0.0 
07/22/2016 01:11:47.806149,-0.008957,0.0,0.0,0.0 
07/22/2016 01:11:47.811771,-0.009003,-0.061523,-0.1875,1.031494 
07/22/2016 01:11:47.812255,-0.009491,0.0,0.0,0.0 
07/22/2016 01:11:47.812698,-0.009506,0.0,0.0,0.0 
07/22/2016 01:11:47.814012,-0.009934,0.0,0.0,0.0 
07/22/2016 01:11:47.814493,-0.010117,0.0,0.0,0.0 
07/22/2016 01:11:47.815165,-0.010285,-0.064453,-0.185547,1.030518 
07/22/2016 01:11:47.816677,-0.011276,0.0,0.0,0.0 
07/22/2016 01:11:47.817155,-0.011398,0.0,0.0,0.0 
07/22/2016 01:11:47.817597,-0.011704,0.0,0.0,0.0 
07/22/2016 01:11:47.822883,-0.01062,0.0,0.0,0.0 
07/22/2016 01:11:47.823629,-0.010742,-0.062012,-0.187012,1.031494 
07/22/2016 01:11:47.824075,-0.011002,0.0,0.0,0.0 
07/22/2016 01:11:47.825652,-0.010315,0.0,0.0,0.0 
07/22/2016 01:11:47.826133,-0.010788,0.0,0.0,0.0 
07/22/2016 01:11:47.826577,-0.009934,0.0,0.0,0.0 
07/22/2016 01:11:47.828257,-0.009628,-0.061035,-0.187988,1.032715 
07/22/2016 01:11:47.828738,-0.010086,0.0,0.0,0.0 
07/22/2016 01:11:47.829177,-0.009598,0.0,0.0,0.0 
07/22/2016 01:11:47.850904,-0.009674,0.0,0.0,0.0 
07/22/2016 01:11:47.851381,-0.011337,0.0,0.0,0.0 
07/22/2016 01:11:47.856857,-0.011658,-0.059814,-0.186523,1.028564 
07/22/2016 01:11:47.859136,-0.01149,0.0,0.0,0.0 
07/22/2016 01:11:47.859611,-0.011154,0.0,0.0,0.0 
07/22/2016 01:11:47.861754,-0.01091,0.0,0.0,0.0 
07/22/2016 01:11:47.912434,-0.011032,0.0,0.0,0.0 
07/22/2016 01:11:47.924168,-0.010941,-0.060791,-0.187256,1.030518 
07/22/2016 01:11:47.924644,-0.011215,0.0,0.0,0.0 
07/22/2016 01:11:47.926783,-0.010346,0.0,0.0,0.0 
07/22/2016 01:11:47.929071,-0.010803,0.0,0.0,0.0 
07/22/2016 01:11:47.929549,-0.009812,0.0,0.0,0.0 
07/22/2016 01:11:47.930226,-0.009995,-0.060303,-0.188232,1.030762 
07/22/2016 01:11:47.974173,-0.01001,0.0,0.0,0.0 
07/22/2016 01:11:47.974649,-0.009949,0.0,0.0,0.0 
07/22/2016 01:11:47.975091,-0.010742,0.0,0.0,0.0 
07/22/2016 01:11:47.981640,-0.012726,0.0,0.0,0.0 
07/22/2016 01:11:47.984726,-0.010864,-0.061279,-0.187256,1.031982 
07/22/2016 01:11:47.985341,-0.010986,0.0,0.0,0.0 
07/22/2016 01:11:47.991891,-0.011292,0.0,0.0,0.0 
07/22/2016 01:11:47.992366,-0.011109,0.0,0.0,0.0 
07/22/2016 01:11:47.992804,-0.010132,0.0,0.0,0.0 
07/22/2016 01:11:48.003363,-0.010407,-0.060547,-0.188232,1.033203 
07/22/2016 01:11:48.003844,-0.011002,0.0,0.0,0.0 
07/22/2016 01:11:48.004283,-0.010605,0.0,0.0,0.0 
07/22/2016 01:11:48.005686,-0.010101,0.0,0.0,0.0 
07/22/2016 01:11:48.006160,-0.009842,0.0,0.0,0.0 
07/22/2016 01:11:48.007813,-0.009216,-0.05957,-0.189209,1.031982 
07/22/2016 01:11:48.008290,-0.009323,0.0,0.0,0.0 
07/22/2016 01:11:48.008730,-0.009735,0.0,0.0,0.0 
07/22/2016 01:11:48.025326,-0.010513,0.0,0.0,0.0 
07/22/2016 01:11:48.025804,-0.01062,0.0,0.0,0.0 
07/22/2016 01:11:48.026480,-0.011261,-0.059814,-0.186523,1.029785 
07/22/2016 01:11:48.027908,-0.011154,0.0,0.0,0.0 
07/22/2016 01:11:48.028385,-0.010239,0.0,0.0,0.0 
07/22/2016 01:11:48.028823,-0.010208,0.0,0.0,0.0 
07/22/2016 01:11:48.030453,-0.009766,0.0,0.0,0.0 
07/22/2016 01:11:48.031163,-0.009674,-0.05957,-0.183594,1.031738 
07/22/2016 01:11:48.031633,-0.010544,0.0,0.0,0.0 
07/22/2016 01:11:48.036934,-0.010178,0.0,0.0,0.0 
07/22/2016 01:11:48.037408,-0.009827,0.0,0.0,0.0 
07/22/2016 01:11:48.037867,-0.00911,0.0,0.0,0.0 
07/22/2016 01:11:48.048216,-0.009277,-0.062988,-0.188477,1.030518 
07/22/2016 01:11:48.048691,-0.010178,0.0,0.0,0.0 
07/22/2016 01:11:48.049134,-0.010559,0.0,0.0,0.0 
07/22/2016 01:11:48.050692,-0.0112,0.0,0.0,0.0 
07/22/2016 01:11:48.051165,-0.013519,0.0,0.0,0.0 
07/22/2016 01:11:48.052878,-0.010742,-0.061523,-0.188232,1.032471 
07/22/2016 01:11:48.053361,-0.012009,0.0,0.0,0.0 
07/22/2016 01:11:48.053802,-0.011688,0.0,0.0,0.0 
07/22/2016 01:11:48.059005,-0.010376,0.0,0.0,0.0 
07/22/2016 01:11:48.059479,-0.010742,0.0,0.0,0.0 
07/22/2016 01:11:48.060149,-0.011688,-0.059814,-0.186035,1.033447 
07/22/2016 01:11:48.070525,-0.009415,0.0,0.0,0.0 
07/22/2016 01:11:48.071001,-0.01059,0.0,0.0,0.0 
07/22/2016 01:11:48.071480,-0.011383,0.0,0.0,0.0 
07/22/2016 01:11:48.072963,-0.011002,0.0,0.0,0.0 
07/22/2016 01:11:48.073678,-0.011078,-0.060791,-0.186768,1.03125 
07/22/2016 01:11:48.074124,-0.009995,0.0,0.0,0.0 
07/22/2016 01:11:48.075621,-0.010605,0.0,0.0,0.0 
07/22/2016 01:11:48.076091,-0.010376,0.0,0.0,0.0 
07/22/2016 01:11:48.076528,-0.009842,0.0,0.0,0.0 
07/22/2016 01:11:48.081932,-0.011139,-0.060303,-0.185791,1.031006 
07/22/2016 01:11:48.082406,-0.009522,0.0,0.0,0.0 
07/22/2016 01:11:48.083975,-0.009033,0.0,0.0,0.0 
07/22/2016 01:11:48.084472,-0.009628,0.0,0.0,0.0 
07/22/2016 01:11:48.084920,-0.011643,0.0,0.0,0.0 
07/22/2016 01:11:48.086652,-0.011048,-0.060547,-0.185059,1.028564 
07/22/2016 01:11:48.087128,-0.009506,0.0,0.0,0.0 
07/22/2016 01:11:48.087568,-0.010941,0.0,0.0,0.0 
07/22/2016 01:11:48.092780,-0.010346,0.0,0.0,0.0 
07/22/2016 01:11:48.093254,-0.010208,0.0,0.0,0.0 
07/22/2016 01:11:48.093926,-0.011032,-0.061035,-0.186035,1.029541 
07/22/2016 01:11:48.095595,-0.010513,0.0,0.0,0.0 
07/22/2016 01:11:48.096070,-0.011536,0.0,0.0,0.0 
07/22/2016 01:11:48.096510,-0.009628,0.0,0.0,0.0 
07/22/2016 01:11:48.097935,-0.009751,0.0,0.0,0.0 
07/22/2016 01:11:48.098638,-0.010315,-0.061279,-0.18457,1.029785 
07/22/2016 01:11:48.099077,-0.01001,0.0,0.0,0.0 
07/22/2016 01:11:48.104590,-0.009995,0.0,0.0,0.0 
07/22/2016 01:11:48.105073,-0.010529,0.0,0.0,0.0 
07/22/2016 01:11:48.105640,-0.010834,0.0,0.0,0.0 
07/22/2016 01:11:48.107056,-0.009583,-0.059814,-0.187744,1.030029 
07/22/2016 01:11:48.107537,-0.00943,0.0,0.0,0.0 
07/22/2016 01:11:48.108942,-0.010895,0.0,0.0,0.0 
07/22/2016 01:11:48.109420,-0.009689,0.0,0.0,0.0 
07/22/2016 01:11:48.109861,-0.010697,0.0,0.0,0.0 
07/22/2016 01:11:48.114712,-0.01059,-0.060547,-0.187256,1.029785 
07/22/2016 01:11:48.127052,-0.01091,0.0,0.0,0.0 
07/22/2016 01:11:48.127534,-0.010315,0.0,0.0,0.0 
07/22/2016 01:11:48.127980,-0.011124,0.0,0.0,0.0 
07/22/2016 01:11:48.130646,-0.011475,0.0,0.0,0.0 
07/22/2016 01:11:48.131360,-0.010742,-0.060791,-0.185791,1.031982 
07/22/2016 01:11:48.205429,-0.010666,0.0,0.0,0.0 
07/22/2016 01:11:48.205905,-0.010742,0.0,0.0,0.0 
07/22/2016 01:11:48.206346,-0.01033,0.0,0.0,0.0 
07/22/2016 01:11:48.206784,-0.012787,0.0,0.0,0.0 
07/22/2016 01:11:48.208258,-0.01207,-0.058594,-0.185547,1.029785 
07/22/2016 01:11:48.210651,-0.011246,0.0,0.0,0.0 
07/22/2016 01:11:48.211126,-0.011505,0.0,0.0,0.0 
07/22/2016 01:11:48.211566,-0.011292,0.0,0.0,0.0 
07/22/2016 01:11:48.216563,-0.010025,0.0,0.0,0.0 
07/22/2016 01:11:48.227943,-0.010666,-0.062256,-0.188721,1.03125 
07/22/2016 01:11:48.228421,-0.011551,0.0,0.0,0.0 
07/22/2016 01:11:48.228865,-0.011078,0.0,0.0,0.0 
07/22/2016 01:11:48.230466,-0.01091,0.0,0.0,0.0 
07/22/2016 01:11:48.230947,-0.011872,0.0,0.0,0.0 
07/22/2016 01:11:48.231621,-0.009461,-0.061768,-0.189453,1.032227 
07/22/2016 01:11:48.233112,-0.009552,0.0,0.0,0.0 
07/22/2016 01:11:48.233590,-0.011032,0.0,0.0,0.0 
07/22/2016 01:11:48.234033,-0.010819,0.0,0.0,0.0 
07/22/2016 01:11:48.239395,-0.011475,0.0,0.0,0.0 
07/22/2016 01:11:48.249951,-0.010681,-0.060791,-0.189453,1.031982 
07/22/2016 01:11:48.252652,-0.011032,0.0,0.0,0.0 
07/22/2016 01:11:48.253144,-0.010391,0.0,0.0,0.0 
07/22/2016 01:11:48.255438,-0.01091,0.0,0.0,0.0 
07/22/2016 01:11:48.255908,-0.010407,0.0,0.0,0.0 
07/22/2016 01:11:48.272187,-0.010697,-0.060791,-0.182129,1.031006 
07/22/2016 01:11:48.274172,-0.011337,0.0,0.0,0.0 
07/22/2016 01:11:48.276525,-0.011353,0.0,0.0,0.0 
07/22/2016 01:11:48.277003,-0.010986,0.0,0.0,0.0 
07/22/2016 01:11:48.279154,-0.010468,0.0,0.0,0.0 
07/22/2016 01:11:48.283535,-0.009461,-0.062744,-0.187256,1.029053 
07/22/2016 01:11:48.295690,-0.009842,0.0,0.0,0.0 
07/22/2016 01:11:48.296163,-0.011276,0.0,0.0,0.0 
07/22/2016 01:11:48.297780,-0.01001,0.0,0.0,0.0 
07/22/2016 01:11:48.298260,-0.009079,0.0,0.0,0.0 
07/22/2016 01:11:48.300798,-0.009964,-0.060547,-0.187744,1.030029 
07/22/2016 01:11:48.306843,-0.009216,0.0,0.0,0.0 
07/22/2016 01:11:48.317890,-0.010086,0.0,0.0,0.0 
07/22/2016 01:11:48.318373,-0.010101,0.0,0.0,0.0 
07/22/2016 01:11:48.320583,-0.011673,0.0,0.0,0.0 
07/22/2016 01:11:48.321334,-0.010498,-0.060547,-0.1875,1.030518 
07/22/2016 01:11:48.321898,-0.010575,0.0,0.0,0.0 
07/22/2016 01:11:48.324264,-0.009339,0.0,0.0,0.0 
07/22/2016 01:11:48.329187,-0.009567,0.0,0.0,0.0 
07/22/2016 01:11:48.329666,-0.010315,0.0,0.0,0.0 
07/22/2016 01:11:48.340323,-0.010651,-0.063965,-0.187256,1.030518 
07/22/2016 01:11:48.351859,-0.01088,0.0,0.0,0.0 
07/22/2016 01:11:48.354006,-0.010071,0.0,0.0,0.0 
07/22/2016 01:11:48.354485,-0.009354,0.0,0.0,0.0 
07/22/2016 01:11:48.356603,-0.010315,0.0,0.0,0.0 
07/22/2016 01:11:48.363080,-0.010254,-0.060547,-0.188232,1.031738 
07/22/2016 01:11:48.363557,-0.011444,0.0,0.0,0.0 
07/22/2016 01:11:48.374242,-0.010605,0.0,0.0,0.0 
07/22/2016 01:11:48.375821,-0.01091,0.0,0.0,0.0 
07/22/2016 01:11:48.376444,-0.009384,0.0,0.0,0.0 
07/22/2016 01:11:48.386953,-0.01062,-0.060303,-0.1875,1.031738 
07/22/2016 01:11:48.389170,-0.009216,0.0,0.0,0.0 
07/22/2016 01:11:48.389647,-0.010178,0.0,0.0,0.0 
07/22/2016 01:11:48.391856,-0.011749,0.0,0.0,0.0 
07/22/2016 01:11:48.396021,-0.010544,0.0,0.0,0.0 
07/22/2016 01:11:48.407883,-0.00911,-0.062256,-0.186035,1.030273 
07/22/2016 01:11:48.408369,-0.011429,0.0,0.0,0.0 
07/22/2016 01:11:48.408815,-0.010239,0.0,0.0,0.0 
07/22/2016 01:11:48.411461,-0.010605,0.0,0.0,0.0 
07/22/2016 01:11:48.411942,-0.011688,0.0,0.0,0.0 
07/22/2016 01:11:48.413848,-0.01146,-0.062988,-0.186768,1.031006 
07/22/2016 01:11:48.419380,-0.010269,0.0,0.0,0.0 
07/22/2016 01:11:48.419863,-0.010208,0.0,0.0,0.0 
07/22/2016 01:11:48.430167,-0.012024,0.0,0.0,0.0 
07/22/2016 01:11:48.432764,-0.01004,0.0,0.0,0.0 
07/22/2016 01:11:48.434698,-0.011322,-0.061768,-0.186035,1.030273 
07/22/2016 01:11:48.435175,-0.010895,0.0,0.0,0.0 
07/22/2016 01:11:48.441688,-0.010605,0.0,0.0,0.0 
07/22/2016 01:11:48.442163,-0.010941,0.0,0.0,0.0 
07/22/2016 01:11:48.444379,-0.010315,0.0,0.0,0.0 
07/22/2016 01:11:48.445094,-0.010269,-0.061768,-0.187256,1.032715 
07/22/2016 01:11:48.446029,-0.009812,0.0,0.0,0.0 
07/22/2016 01:11:48.446505,-0.01059,0.0,0.0,0.0 
07/22/2016 01:11:48.452640,-0.011246,0.0,0.0,0.0 
07/22/2016 01:11:48.455449,-0.011002,0.0,0.0,0.0 
07/22/2016 01:11:48.457742,-0.010071,-0.061035,-0.187256,1.029297 
07/22/2016 01:11:48.458224,-0.009384,0.0,0.0,0.0 
07/22/2016 01:11:48.508707,-0.010101,0.0,0.0,0.0 
07/22/2016 01:11:48.511393,-0.011597,0.0,0.0,0.0 
07/22/2016 01:11:48.511888,-0.010254,0.0,0.0,0.0 
07/22/2016 01:11:48.513763,-0.009598,-0.061768,-0.188965,1.031982 
07/22/2016 01:11:48.520543,-0.009964,0.0,0.0,0.0 
07/22/2016 01:11:48.521027,-0.011109,0.0,0.0,0.0 
07/22/2016 01:11:48.523092,-0.010254,0.0,0.0,0.0 
07/22/2016 01:11:48.524705,-0.010086,0.0,0.0,0.0 
07/22/2016 01:11:48.531595,-0.009674,-0.060547,-0.186523,1.031006 
07/22/2016 01:11:48.532074,-0.009705,0.0,0.0,0.0 
07/22/2016 01:11:48.534174,-0.009583,0.0,0.0,0.0 
07/22/2016 01:11:48.536443,-0.010285,0.0,0.0,0.0 
07/22/2016 01:11:48.536924,-0.010773,0.0,0.0,0.0 
07/22/2016 01:11:48.542620,-0.009995,-0.061523,-0.187988,1.029297 
07/22/2016 01:11:48.545382,-0.0103,0.0,0.0,0.0 
07/22/2016 01:11:48.545860,-0.010651,0.0,0.0,0.0 
07/22/2016 01:11:48.547465,-0.010376,0.0,0.0,0.0 
07/22/2016 01:11:48.554231,-0.011307,0.0,0.0,0.0 
07/22/2016 01:11:48.555847,-0.010224,-0.060791,-0.188232,1.032959 
07/22/2016 01:11:48.556323,-0.011917,0.0,0.0,0.0 
07/22/2016 01:11:48.559258,-0.010925,0.0,0.0,0.0 
07/22/2016 01:11:48.559738,-0.009735,0.0,0.0,0.0 
07/22/2016 01:11:48.565102,-0.010651,0.0,0.0,0.0 
07/22/2016 01:11:48.568098,-0.010559,-0.060059,-0.184814,1.030273 
07/22/2016 01:11:48.570400,-0.009751,0.0,0.0,0.0 
07/22/2016 01:11:48.570884,-0.01001,0.0,0.0,0.0 
07/22/2016 01:11:48.615497,-0.0103,0.0,0.0,0.0 
07/22/2016 01:11:48.621657,-0.009033,0.0,0.0,0.0 
07/22/2016 01:11:48.623998,-0.010071,-0.061523,-0.189209,1.029541 
07/22/2016 01:11:48.624476,-0.009552,0.0,0.0,0.0 
07/22/2016 01:11:48.626641,-0.010056,0.0,0.0,0.0 
07/22/2016 01:11:48.627117,-0.010513,0.0,0.0,0.0 
07/22/2016 01:11:48.633078,-0.01355,0.0,0.0,0.0 
07/22/2016 01:11:48.633808,-0.009659,-0.062744,-0.187988,1.031494 
07/22/2016 01:11:48.636565,-0.008972,0.0,0.0,0.0 
07/22/2016 01:11:48.637124,-0.009323,0.0,0.0,0.0 
07/22/2016 01:11:48.638464,-0.010193,0.0,0.0,0.0 
07/22/2016 01:11:48.643966,-0.011414,0.0,0.0,0.0 
07/22/2016 01:11:48.645798,-0.011246,-0.060059,-0.189697,1.030762 
07/22/2016 01:11:48.646396,-0.010147,0.0,0.0,0.0 
07/22/2016 01:11:48.648522,-0.009949,0.0,0.0,0.0 
07/22/2016 01:11:48.649002,-0.0103,0.0,0.0,0.0 
07/22/2016 01:11:48.655692,-0.011475,0.0,0.0,0.0 
07/22/2016 01:11:48.666062,-0.011597,-0.062988,-0.186523,1.030029 
07/22/2016 01:11:48.668876,-0.011841,0.0,0.0,0.0 
07/22/2016 01:11:48.669323,-0.011734,0.0,0.0,0.0 
07/22/2016 01:11:48.670976,-0.010254,0.0,0.0,0.0 
07/22/2016 01:11:48.677762,-0.009812,0.0,0.0,0.0 
07/22/2016 01:11:48.678471,-0.010849,-0.061279,-0.188232,1.030762 
07/22/2016 01:11:48.689137,-0.010651,0.0,0.0,0.0 
07/22/2016 01:11:48.691688,-0.010315,0.0,0.0,0.0 
07/22/2016 01:11:48.692131,-0.009827,0.0,0.0,0.0 
07/22/2016 01:11:48.693984,-0.010193,0.0,0.0,0.0 
07/22/2016 01:11:48.700406,-0.009247,-0.05957,-0.188477,1.032471 
07/22/2016 01:11:48.710880,-0.01001,0.0,0.0,0.0 
07/22/2016 01:11:48.711363,-0.009903,0.0,0.0,0.0 
07/22/2016 01:11:48.722849,-0.010132,0.0,0.0,0.0 
07/22/2016 01:11:48.723158,-0.010315,0.0,0.0,0.0 
07/22/2016 01:11:48.733846,-0.009781,-0.060791,-0.187744,1.030518 
07/22/2016 01:11:48.734158,-0.009171,0.0,0.0,0.0 
07/22/2016 01:11:48.735688,-0.009613,0.0,0.0,0.0 
07/22/2016 01:11:48.735987,-0.009201,0.0,0.0,0.0 
07/22/2016 01:11:48.744655,-0.009262,0.0,0.0,0.0 
07/22/2016 01:11:48.748399,-0.011719,-0.061035,-0.186768,1.029297 
07/22/2016 01:11:48.756468,-0.012848,0.0,0.0,0.0 
07/22/2016 01:11:48.756780,-0.007218,0.0,0.0,0.0 
07/22/2016 01:11:48.757062,-0.007431,0.0,0.0,0.0 
07/22/2016 01:11:48.757339,-0.011475,0.0,0.0,0.0 
07/22/2016 01:11:48.812350,-0.010269,-0.0625,-0.184814,1.032227 
07/22/2016 01:11:48.813737,-0.013993,0.0,0.0,0.0 
07/22/2016 01:11:48.823479,-0.016693,0.0,0.0,0.0 
07/22/2016 01:11:48.823958,-0.006821,0.0,0.0,0.0 
07/22/2016 01:11:48.826738,-0.003906,0.0,0.0,0.0 
07/22/2016 01:11:48.828658,-0.009094,-0.059082,-0.188965,1.030273 
07/22/2016 01:11:48.836460,-0.010758,0.0,0.0,0.0 
07/22/2016 01:11:48.836942,-0.013535,0.0,0.0,0.0 
07/22/2016 01:11:48.838525,-0.014847,0.0,0.0,0.0 
07/22/2016 01:11:48.845646,-0.011231,0.0,0.0,0.0 
07/22/2016 01:11:48.847977,-0.006683,-0.064453,-0.188232,1.031738 
07/22/2016 01:11:48.850350,-0.009964,0.0,0.0,0.0 
07/22/2016 01:11:48.852651,-0.011139,0.0,0.0,0.0 
07/22/2016 01:11:48.852962,-0.014282,0.0,0.0,0.0 
07/22/2016 01:11:48.857246,-0.013138,0.0,0.0,0.0 
07/22/2016 01:11:48.869249,-0.010437,-0.0625,-0.186523,1.030762 
07/22/2016 01:11:48.871258,-0.008347,0.0,0.0,0.0 
07/22/2016 01:11:48.871557,-0.00972,0.0,0.0,0.0 
07/22/2016 01:11:48.873955,-0.010773,0.0,0.0,0.0 
07/22/2016 01:11:48.874262,-0.014099,0.0,0.0,0.0 
07/22/2016 01:11:48.879877,-0.014649,-0.061768,-0.186279,1.031982 
07/22/2016 01:11:48.891867,-0.009644,0.0,0.0,0.0 
07/22/2016 01:11:48.892341,-0.009964,0.0,0.0,0.0 
07/22/2016 01:11:48.892782,-0.00882,0.0,0.0,0.0 
07/22/2016 01:11:48.894291,-0.009033,0.0,0.0,0.0 
07/22/2016 01:11:48.894997,-0.011246,-0.060547,-0.186035,1.031738 
07/22/2016 01:11:48.896540,-0.011963,0.0,0.0,0.0 
07/22/2016 01:11:48.897020,-0.011261,0.0,0.0,0.0 
07/22/2016 01:11:48.897461,-0.010056,0.0,0.0,0.0 
07/22/2016 01:11:48.897896,-0.009689,0.0,0.0,0.0 
07/22/2016 01:11:48.903478,-0.009949,-0.061279,-0.189697,1.03125 
07/22/2016 01:11:48.903958,-0.009735,0.0,0.0,0.0 
07/22/2016 01:11:48.914163,-0.010483,0.0,0.0,0.0 
07/22/2016 01:11:48.914644,-0.011246,0.0,0.0,0.0 
07/22/2016 01:11:48.915085,-0.011246,0.0,0.0,0.0 
07/22/2016 01:11:48.916834,-0.010468,-0.062744,-0.185547,1.03125 
07/22/2016 01:11:48.917310,-0.009415,0.0,0.0,0.0 
07/22/2016 01:11:48.917950,-0.008103,0.0,0.0,0.0 
07/22/2016 01:11:48.919124,-0.008957,0.0,0.0,0.0 
07/22/2016 01:11:48.919684,-0.009949,0.0,0.0,0.0 
07/22/2016 01:11:48.920378,-0.010575,-0.060059,-0.1875,1.028809 
07/22/2016 01:11:48.925625,-0.010315,0.0,0.0,0.0 
07/22/2016 01:11:48.936662,-0.009598,0.0,0.0,0.0 
07/22/2016 01:11:48.937139,-0.009598,0.0,0.0,0.0 
07/22/2016 01:11:48.937621,-0.009232,0.0,0.0,0.0 
07/22/2016 01:11:48.939099,-0.010025,-0.060791,-0.1875,1.031982 
07/22/2016 01:11:48.939580,-0.010361,0.0,0.0,0.0 
07/22/2016 01:11:48.941209,-0.010925,0.0,0.0,0.0 
07/22/2016 01:11:48.947872,-0.010498,0.0,0.0,0.0 
07/22/2016 01:11:48.948348,-0.010376,0.0,0.0,0.0 
07/22/2016 01:11:48.949023,-0.010315,-0.062256,-0.187988,1.031006 
07/22/2016 01:11:48.959367,-0.011078,0.0,0.0,0.0 
07/22/2016 01:11:48.959843,-0.010346,0.0,0.0,0.0 
07/22/2016 01:11:48.961931,-0.011109,0.0,0.0,0.0 
07/22/2016 01:11:48.962408,-0.010651,0.0,0.0,0.0 
07/22/2016 01:11:48.964126,-0.010697,-0.062012,-0.185791,1.031494 
07/22/2016 01:11:48.964608,-0.011749,0.0,0.0,0.0 
07/22/2016 01:11:48.965050,-0.011109,0.0,0.0,0.0 
07/22/2016 01:11:48.970348,-0.010773,0.0,0.0,0.0 
07/22/2016 01:11:48.970826,-0.012512,0.0,0.0,0.0 
07/22/2016 01:11:48.971505,-0.009995,-0.061279,-0.185547,1.030762 
07/22/2016 01:11:48.982249,-0.010361,0.0,0.0,0.0 
07/22/2016 01:11:48.992749,-0.010758,0.0,0.0,0.0 
07/22/2016 01:11:48.993229,-0.010834,0.0,0.0,0.0 
07/22/2016 01:11:48.995456,-0.011154,0.0,0.0,0.0 
07/22/2016 01:11:48.996170,-0.011643,-0.061279,-0.188965,1.026611 
07/22/2016 01:11:48.996670,-0.010407,0.0,0.0,0.0 
07/22/2016 01:11:48.997214,-0.008804,0.0,0.0,0.0 
07/22/2016 01:11:49.003944,-0.010849,0.0,0.0,0.0 
07/22/2016 01:11:49.004429,-0.010391,0.0,0.0,0.0 
07/22/2016 01:11:49.015744,-0.011139,-0.059814,-0.185059,1.032227 
07/22/2016 01:11:49.016223,-0.010742,0.0,0.0,0.0 
07/22/2016 01:11:49.016663,-0.010086,0.0,0.0,0.0 
07/22/2016 01:11:49.019267,-0.009033,0.0,0.0,0.0 
07/22/2016 01:11:49.021609,-0.010193,0.0,0.0,0.0 
07/22/2016 01:11:49.026525,-0.011032,-0.061523,-0.187988,1.02832 
07/22/2016 01:11:49.027011,-0.013214,0.0,0.0,0.0 
07/22/2016 01:11:49.038227,-0.007874,0.0,0.0,0.0 
07/22/2016 01:11:49.039575,-0.005158,0.0,0.0,0.0 
07/22/2016 01:11:49.040054,-0.014191,0.0,0.0,0.0 
07/22/2016 01:11:49.049391,-0.011337,-0.05835,-0.186279,1.029053 
07/22/2016 01:11:49.050990,-0.01268,0.0,0.0,0.0 
07/22/2016 01:11:49.051466,-0.021195,0.0,0.0,0.0 
07/22/2016 01:11:49.105532,-0.005783,0.0,0.0,0.0 
07/22/2016 01:11:49.107714,-0.001389,0.0,0.0,0.0 
07/22/2016 01:11:49.110307,-0.015534,-0.060059,-0.186768,1.030762 
07/22/2016 01:11:49.110786,-0.006668,0.0,0.0,0.0 
07/22/2016 01:11:49.116074,-0.007828,0.0,0.0,0.0 
07/22/2016 01:11:49.127663,-0.017411,0.0,0.0,0.0 
07/22/2016 01:11:49.128142,-0.0103,0.0,0.0,0.0 
07/22/2016 01:11:49.130046,-0.003326,-0.063477,-0.186768,1.033447 
07/22/2016 01:11:49.139079,-0.012589,0.0,0.0,0.0 
07/22/2016 01:11:49.139552,-0.011353,0.0,0.0,0.0 
07/22/2016 01:11:49.141814,-0.009903,0.0,0.0,0.0 
07/22/2016 01:11:49.143432,-0.011032,0.0,0.0,0.0 
07/22/2016 01:11:49.149553,-0.010925,-0.060791,-0.187988,1.030273 
07/22/2016 01:11:49.150036,-0.007263,0.0,0.0,0.0 
07/22/2016 01:11:49.161720,-0.009155,0.0,0.0,0.0 
07/22/2016 01:11:49.163879,-0.011093,0.0,0.0,0.0 
07/22/2016 01:11:49.164376,-0.011521,0.0,0.0,0.0 
07/22/2016 01:11:49.166486,-0.011933,-0.062256,-0.186768,1.030273 
07/22/2016 01:11:49.174083,-0.010269,0.0,0.0,0.0 
07/22/2016 01:11:49.174564,-0.008972,0.0,0.0,0.0 
07/22/2016 01:11:49.176153,-0.009232,0.0,0.0,0.0 
07/22/2016 01:11:49.179115,-0.01033,0.0,0.0,0.0 
07/22/2016 01:11:49.179825,-0.009873,-0.060303,-0.187744,1.029785 
07/22/2016 01:11:49.180270,-0.010452,0.0,0.0,0.0 
07/22/2016 01:11:49.184101,-0.010895,0.0,0.0,0.0 
07/22/2016 01:11:49.195208,-0.011444,0.0,0.0,0.0 
07/22/2016 01:11:49.195521,-0.010605,0.0,0.0,0.0 
07/22/2016 01:11:49.195950,-0.00885,-0.060547,-0.187744,1.031494 
07/22/2016 01:11:49.198479,-0.008713,0.0,0.0,0.0 
07/22/2016 01:11:49.198866,-0.009918,0.0,0.0,0.0 
07/22/2016 01:11:49.201491,-0.012558,0.0,0.0,0.0 
07/22/2016 01:11:49.206568,-0.012696,0.0,0.0,0.0 
07/22/2016 01:11:49.255284,-0.012329,-0.061523,-0.185791,1.030273 
07/22/2016 01:11:49.255808,-0.009613,0.0,0.0,0.0 
07/22/2016 01:11:49.257773,-0.009308,0.0,0.0,0.0 
07/22/2016 01:11:49.262565,-0.010788,0.0,0.0,0.0 
07/22/2016 01:11:49.262887,-0.010697,0.0,0.0,0.0 
07/22/2016 01:11:49.273705,-0.010727,-0.060059,-0.185791,1.031982 
07/22/2016 01:11:49.276619,-0.011307,0.0,0.0,0.0 
07/22/2016 01:11:49.277100,-0.011856,0.0,0.0,0.0 
07/22/2016 01:11:49.278888,-0.01088,0.0,0.0,0.0 
07/22/2016 01:11:49.285276,-0.010498,0.0,0.0,0.0 
07/22/2016 01:11:49.286037,-0.011032,-0.060791,-0.185547,1.031494 
07/22/2016 01:11:49.296204,-0.010712,0.0,0.0,0.0 
07/22/2016 01:11:49.307893,-0.011002,0.0,0.0,0.0 
07/22/2016 01:11:49.308373,-0.010498,0.0,0.0,0.0 
07/22/2016 01:11:49.309727,-0.011139,0.0,0.0,0.0 
07/22/2016 01:11:49.313034,-0.010101,-0.0625,-0.187988,1.030029 
07/22/2016 01:11:49.313518,-0.010849,0.0,0.0,0.0 
07/22/2016 01:11:49.318619,-0.00972,0.0,0.0,0.0 
07/22/2016 01:11:49.321806,-0.009583,0.0,0.0,0.0 
07/22/2016 01:11:49.322284,-0.009674,0.0,0.0,0.0 
07/22/2016 01:11:49.323898,-0.011521,-0.061768,-0.185547,1.032471 
07/22/2016 01:11:49.324402,-0.009949,0.0,0.0,0.0 
07/22/2016 01:11:49.329646,-0.010285,0.0,0.0,0.0 
07/22/2016 01:11:49.330124,-0.010147,0.0,0.0,0.0 
07/22/2016 01:11:49.332967,-0.009979,0.0,0.0,0.0 
07/22/2016 01:11:49.334883,-0.010788,-0.061279,-0.188232,1.03125 
07/22/2016 01:11:49.341638,-0.009888,0.0,0.0,0.0 
07/22/2016 01:11:49.342114,-0.009491,0.0,0.0,0.0 
07/22/2016 01:11:49.342553,-0.009049,0.0,0.0,0.0 
07/22/2016 01:11:49.344024,-0.010636,0.0,0.0,0.0 
07/22/2016 01:11:49.344735,-0.009995,-0.060059,-0.189209,1.031494 
07/22/2016 01:11:49.345174,-0.010422,0.0,0.0,0.0 
07/22/2016 01:11:49.346738,-0.009644,0.0,0.0,0.0 
07/22/2016 01:11:49.347220,-0.009934,0.0,0.0,0.0 
07/22/2016 01:11:49.347664,-0.009293,0.0,0.0,0.0 
07/22/2016 01:11:49.353011,-0.009674,-0.059326,-0.188232,1.031494 
07/22/2016 01:11:49.354662,-0.009949,0.0,0.0,0.0 
07/22/2016 01:11:49.355248,-0.011109,0.0,0.0,0.0 
07/22/2016 01:11:49.357984,-0.010025,0.0,0.0,0.0 
07/22/2016 01:11:49.358592,-0.010788,0.0,0.0,0.0 
07/22/2016 01:11:49.409003,-0.010971,-0.060059,-0.1875,1.031494 
07/22/2016 01:11:49.409486,-0.010544,0.0,0.0,0.0 
07/22/2016 01:11:49.409926,-0.010163,0.0,0.0,0.0 
07/22/2016 01:11:49.410360,-0.011276,0.0,0.0,0.0 
07/22/2016 01:11:49.412008,-0.010803,0.0,0.0,0.0 
07/22/2016 01:11:49.413483,-0.010285,-0.062256,-0.188965,1.030518 
07/22/2016 01:11:49.420363,-0.0121,0.0,0.0,0.0 
07/22/2016 01:11:49.420846,-0.010803,0.0,0.0,0.0 
07/22/2016 01:11:49.421287,-0.010208,0.0,0.0,0.0 
07/22/2016 01:11:49.421828,-0.00972,0.0,0.0,0.0 
07/22/2016 01:11:49.424648,-0.010849,-0.060059,-0.187256,1.031006 
07/22/2016 01:11:49.425239,-0.010193,0.0,0.0,0.0 
07/22/2016 01:11:49.431407,-0.011475,0.0,0.0,0.0 
07/22/2016 01:11:49.431758,-0.010163,0.0,0.0,0.0 
07/22/2016 01:11:49.432052,-0.01059,0.0,0.0,0.0 
07/22/2016 01:11:49.434039,-0.010285,-0.061768,-0.187012,1.030029 
07/22/2016 01:11:49.436434,-0.01149,0.0,0.0,0.0 
07/22/2016 01:11:49.436744,-0.010971,0.0,0.0,0.0 
07/22/2016 01:11:49.437027,-0.011139,0.0,0.0,0.0 
07/22/2016 01:11:49.437304,-0.010346,0.0,0.0,0.0 
07/22/2016 01:11:49.445785,-0.009827,-0.060547,-0.188232,1.030518 
07/22/2016 01:11:49.447375,-0.011002,0.0,0.0,0.0 
07/22/2016 01:11:49.454010,-0.010575,0.0,0.0,0.0 
07/22/2016 01:11:49.454496,-0.010636,0.0,0.0,0.0 
07/22/2016 01:11:49.456652,-0.010758,0.0,0.0,0.0 
07/22/2016 01:11:49.458558,-0.010666,-0.05957,-0.187256,1.030518 
07/22/2016 01:11:49.460865,-0.010437,0.0,0.0,0.0 
07/22/2016 01:11:49.464933,-0.010117,0.0,0.0,0.0 
07/22/2016 01:11:49.467832,-0.011063,0.0,0.0,0.0 
07/22/2016 01:11:49.468384,-0.01004,0.0,0.0,0.0 
07/22/2016 01:11:49.470707,-0.010117,-0.061523,-0.186768,1.031006 
07/22/2016 01:11:49.476623,-0.010163,0.0,0.0,0.0 
07/22/2016 01:11:49.479062,-0.009812,0.0,0.0,0.0 
07/22/2016 01:11:49.479538,-0.009094,0.0,0.0,0.0 
07/22/2016 01:11:49.481699,-0.009995,0.0,0.0,0.0 
07/22/2016 01:11:49.487227,-0.009903,-0.060547,-0.188232,1.031982 
07/22/2016 01:11:49.487716,-0.009827,0.0,0.0,0.0 
07/22/2016 01:11:49.490581,-0.010697,0.0,0.0,0.0 
07/22/2016 01:11:49.492397,-0.010468,0.0,0.0,0.0 
07/22/2016 01:11:49.493058,-0.009842,0.0,0.0,0.0 
07/22/2016 01:11:49.499658,-0.010163,-0.060547,-0.189453,1.032227 
07/22/2016 01:11:49.500132,-0.011704,0.0,0.0,0.0 
07/22/2016 01:11:49.536538,-0.00972,0.0,0.0,0.0 
07/22/2016 01:11:49.537056,-0.009552,0.0,0.0,0.0 
07/22/2016 01:11:49.537503,-0.009934,0.0,0.0,0.0 
07/22/2016 01:11:49.539070,-0.010178,-0.062744,-0.185547,1.031738 
07/22/2016 01:11:49.539539,-0.010101,0.0,0.0,0.0 
07/22/2016 01:11:49.539988,-0.010956,0.0,0.0,0.0 
07/22/2016 01:11:49.544144,-0.011048,0.0,0.0,0.0 
07/22/2016 01:11:49.544631,-0.011307,0.0,0.0,0.0 
07/22/2016 01:11:49.545449,-0.008774,-0.057373,-0.186279,1.029053 
07/22/2016 01:11:49.546540,-0.010986,0.0,0.0,0.0 
07/22/2016 01:11:49.546838,-0.010681,0.0,0.0,0.0 
07/22/2016 01:11:49.547117,-0.011002,0.0,0.0,0.0 
07/22/2016 01:11:49.549112,-0.008621,0.0,0.0,0.0 
07/22/2016 01:11:49.549569,-0.009567,-0.060791,-0.186523,1.029053 
07/22/2016 01:11:49.549879,-0.009674,0.0,0.0,0.0 
07/22/2016 01:11:49.554887,-0.010452,0.0,0.0,0.0 
07/22/2016 01:11:49.557854,-0.011414,0.0,0.0,0.0 
07/22/2016 01:11:49.558332,-0.011765,0.0,0.0,0.0 
07/22/2016 01:11:49.559009,-0.010483,-0.05957,-0.189209,1.031006 
07/22/2016 01:11:49.561700,-0.012284,0.0,0.0,0.0 
07/22/2016 01:11:49.562179,-0.011017,0.0,0.0,0.0 
07/22/2016 01:11:49.566139,-0.010529,0.0,0.0,0.0 
07/22/2016 01:11:49.569208,-0.012329,0.0,0.0,0.0 
07/22/2016 01:11:49.569911,-0.009781,-0.060059,-0.186523,1.03125 
07/22/2016 01:11:49.570404,-0.010178,0.0,0.0,0.0 
07/22/2016 01:11:49.572986,-0.009552,0.0,0.0,0.0 
07/22/2016 01:11:49.573462,-0.010391,0.0,0.0,0.0 
07/22/2016 01:11:49.573981,-0.009964,0.0,0.0,0.0 
07/22/2016 01:11:49.614641,-0.009079,-0.062988,-0.187256,1.031738 
07/22/2016 01:11:49.615123,-0.011505,0.0,0.0,0.0 
07/22/2016 01:11:49.617765,-0.011765,0.0,0.0,0.0 
07/22/2016 01:11:49.618252,-0.009293,0.0,0.0,0.0 
07/22/2016 01:11:49.622833,-0.010376,0.0,0.0,0.0 
07/22/2016 01:11:49.623547,-0.010208,-0.062256,-0.187012,1.032715 
07/22/2016 01:11:49.623991,-0.009293,0.0,0.0,0.0 
07/22/2016 01:11:49.625613,-0.011505,0.0,0.0,0.0 
07/22/2016 01:11:49.626092,-0.012604,0.0,0.0,0.0 
07/22/2016 01:11:49.626538,-0.009949,0.0,0.0,0.0 
07/22/2016 01:11:49.635826,-0.009155,-0.060791,-0.186035,1.031006 
07/22/2016 01:11:49.636304,-0.01033,0.0,0.0,0.0 
07/22/2016 01:11:49.645202,-0.009018,0.0,0.0,0.0 
07/22/2016 01:11:49.645526,-0.011078,0.0,0.0,0.0 
07/22/2016 01:11:49.645807,-0.012039,0.0,0.0,0.0 
07/22/2016 01:11:49.656468,-0.009613,-0.059814,-0.189453,1.027588 
07/22/2016 01:11:49.656775,-0.010071,0.0,0.0,0.0 
07/22/2016 01:11:49.657052,-0.010346,0.0,0.0,0.0 
07/22/2016 01:11:49.712538,-0.008865,0.0,0.0,0.0 
07/22/2016 01:11:49.712837,-0.00914,0.0,0.0,0.0 
07/22/2016 01:11:49.715834,-0.009964,-0.061768,-0.187744,1.031006 
07/22/2016 01:11:49.716832,-0.009842,0.0,0.0,0.0 
07/22/2016 01:11:49.717280,-0.011536,0.0,0.0,0.0 
07/22/2016 01:11:49.718314,-0.010605,0.0,0.0,0.0 
07/22/2016 01:11:49.718767,-0.010834,0.0,0.0,0.0 
07/22/2016 01:11:49.723201,-0.011139,-0.061768,-0.184082,1.03125 
07/22/2016 01:11:49.724149,-0.010605,0.0,0.0,0.0 
07/22/2016 01:11:49.735397,-0.010559,0.0,0.0,0.0 
07/22/2016 01:11:49.736889,-0.011734,0.0,0.0,0.0 
07/22/2016 01:11:49.737370,-0.010544,0.0,0.0,0.0 
07/22/2016 01:11:49.740737,-0.009628,-0.0625,-0.187256,1.031738 
07/22/2016 01:11:49.745736,-0.012039,0.0,0.0,0.0 
07/22/2016 01:11:49.746713,-0.011139,0.0,0.0,0.0 
07/22/2016 01:11:49.747283,-0.01149,0.0,0.0,0.0 
07/22/2016 01:11:49.757026,-0.011536,0.0,0.0,0.0 
07/22/2016 01:11:49.769287,-0.010269,-0.062988,-0.186035,1.029053 
07/22/2016 01:11:49.769833,-0.009415,0.0,0.0,0.0 
07/22/2016 01:11:49.770784,-0.009689,0.0,0.0,0.0 
07/22/2016 01:11:49.780090,-0.010315,0.0,0.0,0.0 
07/22/2016 01:11:49.780592,-0.00972,0.0,0.0,0.0 
07/22/2016 01:11:49.782144,-0.008606,-0.061523,-0.184814,1.031738 
07/22/2016 01:11:49.785249,-0.009674,0.0,0.0,0.0 
07/22/2016 01:11:49.785561,-0.011292,0.0,0.0,0.0 
07/22/2016 01:11:49.791191,-0.009552,0.0,0.0,0.0 
07/22/2016 01:11:49.794081,-0.009979,0.0,0.0,0.0 
07/22/2016 01:11:49.795817,-0.010849,-0.062744,-0.186768,1.030762 
07/22/2016 01:11:49.796591,-0.008606,0.0,0.0,0.0 
07/22/2016 01:11:49.802786,-0.009079,0.0,0.0,0.0 
07/22/2016 01:11:49.805167,-0.011032,0.0,0.0,0.0 
07/22/2016 01:11:49.805487,-0.009842,0.0,0.0,0.0 
07/22/2016 01:11:49.807793,-0.010483,-0.061523,-0.187744,1.03125 
07/22/2016 01:11:49.813961,-0.012421,0.0,0.0,0.0 
07/22/2016 01:11:49.814267,-0.010971,0.0,0.0,0.0 
07/22/2016 01:11:49.825508,-0.01001,0.0,0.0,0.0 
07/22/2016 01:11:49.827745,-0.011353,0.0,0.0,0.0 
07/22/2016 01:11:49.830254,-0.010636,-0.061279,-0.186035,1.031982 
07/22/2016 01:11:49.831056,-0.010285,0.0,0.0,0.0 
07/22/2016 01:11:49.836603,-0.010895,0.0,0.0,0.0 
07/22/2016 01:11:49.837066,-0.009171,0.0,0.0,0.0 
07/22/2016 01:11:49.847995,-0.009537,0.0,0.0,0.0 
07/22/2016 01:11:49.850610,-0.010208,-0.0625,-0.1875,1.030762 
07/22/2016 01:11:49.897586,-0.010422,0.0,0.0,0.0 
07/22/2016 01:11:49.897897,-0.009903,0.0,0.0,0.0 
07/22/2016 01:11:49.904088,-0.009857,0.0,0.0,0.0 
07/22/2016 01:11:49.906298,-0.011414,0.0,0.0,0.0 
07/22/2016 01:11:49.915098,-0.010147,-0.061035,-0.186035,1.030273 
07/22/2016 01:11:49.915407,-0.010422,0.0,0.0,0.0 
07/22/2016 01:11:49.917558,-0.010468,0.0,0.0,0.0 
07/22/2016 01:11:49.917834,-0.011032,0.0,0.0,0.0 
07/22/2016 01:11:49.926458,-0.011322,0.0,0.0,0.0 
07/22/2016 01:11:49.937702,-0.01033,-0.061035,-0.188477,1.029785 
07/22/2016 01:11:49.940064,-0.010193,0.0,0.0,0.0 
07/22/2016 01:11:49.940340,-0.010834,0.0,0.0,0.0 
07/22/2016 01:11:49.942690,-0.010376,0.0,0.0,0.0 
07/22/2016 01:11:49.948788,-0.011566,0.0,0.0,0.0 
07/22/2016 01:11:49.949507,-0.00972,-0.061035,-0.188965,1.031006 
07/22/2016 01:11:50.008477,-0.010376,0.0,0.0,0.0 
07/22/2016 01:11:50.011520,-0.010071,0.0,0.0,0.0 
07/22/2016 01:11:50.011939,-0.010575,0.0,0.0,0.0 
07/22/2016 01:11:50.016030,-0.010391,0.0,0.0,0.0 
07/22/2016 01:11:50.019192,-0.010391,-0.061035,-0.185303,1.030518 
07/22/2016 01:11:50.020682,-0.010224,0.0,0.0,0.0 
07/22/2016 01:11:50.021126,-0.009171,0.0,0.0,0.0 
07/22/2016 01:11:50.028499,-0.009796,0.0,0.0,0.0 
07/22/2016 01:11:50.028961,-0.01059,0.0,0.0,0.0 
07/22/2016 01:11:50.038889,-0.010407,-0.062012,-0.187988,1.031006 
07/22/2016 01:11:50.039357,-0.011032,0.0,0.0,0.0 
07/22/2016 01:11:50.041104,-0.010712,0.0,0.0,0.0 
07/22/2016 01:11:50.041550,-0.009445,0.0,0.0,0.0 
07/22/2016 01:11:50.044068,-0.01062,0.0,0.0,0.0 
07/22/2016 01:11:50.049678,-0.01059,-0.059814,-0.188232,1.031982 
07/22/2016 01:11:50.063848,-0.0094,0.0,0.0,0.0 
07/22/2016 01:11:50.064122,-0.010147,0.0,0.0,0.0 
07/22/2016 01:11:50.065808,-0.010269,0.0,0.0,0.0 
07/22/2016 01:11:50.066086,-0.01059,0.0,0.0,0.0 
07/22/2016 01:11:50.073110,-0.011444,-0.060547,-0.184326,1.03125 
07/22/2016 01:11:50.083422,-0.009995,0.0,0.0,0.0 
07/22/2016 01:11:50.086520,-0.009171,0.0,0.0,0.0 
07/22/2016 01:11:50.087449,-0.009751,0.0,0.0,0.0 
07/22/2016 01:11:50.090787,-0.010483,0.0,0.0,0.0 
07/22/2016 01:11:50.095489,-0.012055,-0.061523,-0.186279,1.03125 
07/22/2016 01:11:50.095917,-0.010681,0.0,0.0,0.0 
07/22/2016 01:11:50.096173,-0.010834,0.0,0.0,0.0 
07/22/2016 01:11:50.109090,-0.01059,0.0,0.0,0.0 
07/22/2016 01:11:50.109540,-0.009751,0.0,0.0,0.0 
07/22/2016 01:11:50.110176,-0.009812,-0.061279,-0.187256,1.030273 
07/22/2016 01:11:50.111545,-0.01091,0.0,0.0,0.0 
07/22/2016 01:11:50.111811,-0.011337,0.0,0.0,0.0 
07/22/2016 01:11:50.112060,-0.010193,0.0,0.0,0.0 
07/22/2016 01:11:50.117823,-0.009888,0.0,0.0,0.0 
07/22/2016 01:11:50.118239,-0.009613,-0.059326,-0.186768,1.031738 
07/22/2016 01:11:50.128933,-0.009262,0.0,0.0,0.0 
07/22/2016 01:11:50.129238,-0.010575,0.0,0.0,0.0 
07/22/2016 01:11:50.129514,-0.010544,0.0,0.0,0.0 
07/22/2016 01:11:50.131376,-0.010269,0.0,0.0,0.0 
07/22/2016 01:11:50.131780,-0.010346,-0.060059,-0.185059,1.029541 
07/22/2016 01:11:50.132030,-0.010391,0.0,0.0,0.0 
07/22/2016 01:11:50.133931,-0.008789,0.0,0.0,0.0 
07/22/2016 01:11:50.134363,-0.009827,0.0,0.0,0.0 
07/22/2016 01:11:50.134731,-0.011261,0.0,0.0,0.0 
07/22/2016 01:11:50.143055,-0.010208,-0.060791,-0.1875,1.030029 
07/22/2016 01:11:50.145167,-0.010925,0.0,0.0,0.0 
07/22/2016 01:11:50.145462,-0.011688,0.0,0.0,0.0 
07/22/2016 01:11:50.145740,-0.009812,0.0,0.0,0.0 
07/22/2016 01:11:50.146017,-0.010101,0.0,0.0,0.0 
07/22/2016 01:11:50.152956,-0.010208,-0.060791,-0.187256,1.031006 
07/22/2016 01:11:50.153247,-0.01091,0.0,0.0,0.0 
07/22/2016 01:11:50.156301,-0.010315,0.0,0.0,0.0 
07/22/2016 01:11:50.156583,-0.011307,0.0,0.0,0.0 
07/22/2016 01:11:50.162118,-0.010651,0.0,0.0,0.0 
07/22/2016 01:11:50.165370,-0.010101,-0.060791,-0.188721,1.031494 
07/22/2016 01:11:50.165664,-0.010681,0.0,0.0,0.0 
07/22/2016 01:11:50.166092,-0.012192,0.0,0.0,0.0 
07/22/2016 01:11:50.167774,-0.010758,0.0,0.0,0.0 
07/22/2016 01:11:50.168272,-0.011215,0.0,0.0,0.0 
07/22/2016 01:11:50.174357,-0.011536,-0.060791,-0.1875,1.031982 
07/22/2016 01:11:50.185368,-0.010498,0.0,0.0,0.0 
07/22/2016 01:11:50.185643,-0.009567,0.0,0.0,0.0 
07/22/2016 01:11:50.185889,-0.009598,0.0,0.0,0.0 
07/22/2016 01:11:50.190268,-0.010636,0.0,0.0,0.0 
07/22/2016 01:11:50.195787,-0.010636,-0.062256,-0.185791,1.030762 
07/22/2016 01:11:50.196108,-0.011048,0.0,0.0,0.0 
07/22/2016 01:11:50.208038,-0.011963,0.0,0.0,0.0 
07/22/2016 01:11:50.208517,-0.010864,0.0,0.0,0.0 
07/22/2016 01:11:50.208968,-0.010071,0.0,0.0,0.0 
07/22/2016 01:11:50.210379,-0.010712,-0.061279,-0.1875,1.030518 
07/22/2016 01:11:50.212736,-0.009766,0.0,0.0,0.0 
07/22/2016 01:11:50.213031,-0.010529,0.0,0.0,0.0 
07/22/2016 01:11:50.219020,-0.012039,0.0,0.0,0.0 
07/22/2016 01:11:50.230726,-0.010605,0.0,0.0,0.0 
07/22/2016 01:11:50.232798,-0.009918,-0.060547,-0.1875,1.031738 
07/22/2016 01:11:50.233107,-0.010636,0.0,0.0,0.0 
07/22/2016 01:11:50.235350,-0.009522,0.0,0.0,0.0 
07/22/2016 01:11:50.241532,-0.010376,0.0,0.0,0.0 
07/22/2016 01:11:50.242014,-0.011322,0.0,0.0,0.0 
07/22/2016 01:11:50.253147,-0.011185,-0.061523,-0.184326,1.030273 
07/22/2016 01:11:50.255494,-0.010727,0.0,0.0,0.0 
07/22/2016 01:11:50.257752,-0.009827,0.0,0.0,0.0 
07/22/2016 01:11:50.258232,-0.009995,0.0,0.0,0.0 
07/22/2016 01:11:50.309025,-0.011002,0.0,0.0,0.0 
07/22/2016 01:11:50.320570,-0.011475,-0.0625,-0.185303,1.031006 
07/22/2016 01:11:50.321053,-0.010071,0.0,0.0,0.0 
07/22/2016 01:11:50.321505,-0.009705,0.0,0.0,0.0 
07/22/2016 01:11:50.325368,-0.010147,0.0,0.0,0.0 
07/22/2016 01:11:50.325847,-0.010346,0.0,0.0,0.0 
07/22/2016 01:11:50.331886,-0.009979,-0.059814,-0.1875,1.029297 
07/22/2016 01:11:50.332364,-0.009171,0.0,0.0,0.0 
07/22/2016 01:11:50.342307,-0.010452,0.0,0.0,0.0 
07/22/2016 01:11:50.343712,-0.012177,0.0,0.0,0.0 
07/22/2016 01:11:50.354228,-0.010285,0.0,0.0,0.0 
07/22/2016 01:11:50.355910,-0.009796,-0.061035,-0.184814,1.03125 
07/22/2016 01:11:50.356387,-0.010132,0.0,0.0,0.0 
07/22/2016 01:11:50.365747,-0.010086,0.0,0.0,0.0 
07/22/2016 01:11:50.367050,-0.010208,0.0,0.0,0.0 
07/22/2016 01:11:50.367546,-0.010483,0.0,0.0,0.0 
07/22/2016 01:11:50.377127,-0.009918,-0.063232,-0.186279,1.032959 
07/22/2016 01:11:50.378523,-0.010788,0.0,0.0,0.0 
07/22/2016 01:11:50.379004,-0.009888,0.0,0.0,0.0 
07/22/2016 01:11:50.387744,-0.009155,0.0,0.0,0.0 
07/22/2016 01:11:50.390457,-0.009018,0.0,0.0,0.0 
07/22/2016 01:11:50.392865,-0.009476,-0.060059,-0.1875,1.030762 
07/22/2016 01:11:50.393349,-0.011872,0.0,0.0,0.0 
07/22/2016 01:11:50.398728,-0.010254,0.0,0.0,0.0 
07/22/2016 01:11:50.410397,-0.010101,0.0,0.0,0.0 
07/22/2016 01:11:50.410883,-0.009628,0.0,0.0,0.0 
07/22/2016 01:11:50.412469,-0.010651,-0.061768,-0.186768,1.028809 
07/22/2016 01:11:50.421914,-0.009201,0.0,0.0,0.0 
07/22/2016 01:11:50.422389,-0.011246,0.0,0.0,0.0 
07/22/2016 01:11:50.422905,-0.011322,0.0,0.0,0.0 
07/22/2016 01:11:50.424109,-0.010651,0.0,0.0,0.0 
07/22/2016 01:11:50.425174,-0.011048,-0.062988,-0.186279,1.031494 
07/22/2016 01:11:50.425870,-0.00972,0.0,0.0,0.0 
07/22/2016 01:11:50.426667,-0.008728,0.0,0.0,0.0 
07/22/2016 01:11:50.427027,-0.00972,0.0,0.0,0.0 
07/22/2016 01:11:50.427381,-0.01088,0.0,0.0,0.0 
07/22/2016 01:11:50.433354,-0.009796,-0.062256,-0.187012,1.031738 
07/22/2016 01:11:50.433835,-0.010773,0.0,0.0,0.0 
07/22/2016 01:11:50.434281,-0.010559,0.0,0.0,0.0 
07/22/2016 01:11:50.444425,-0.010681,0.0,0.0,0.0 
07/22/2016 01:11:50.444904,-0.010575,0.0,0.0,0.0 
07/22/2016 01:11:50.446665,-0.011612,-0.060059,-0.1875,1.03125 
07/22/2016 01:11:50.447147,-0.010239,0.0,0.0,0.0 
07/22/2016 01:11:50.449242,-0.010117,0.0,0.0,0.0 
07/22/2016 01:11:50.449723,-0.009628,0.0,0.0,0.0 
07/22/2016 01:11:50.450202,-0.009384,0.0,0.0,0.0 
07/22/2016 01:11:50.455931,-0.009827,-0.059326,-0.186523,1.033203 
07/22/2016 01:11:50.456413,-0.010178,0.0,0.0,0.0 
07/22/2016 01:11:50.456856,-0.012497,0.0,0.0,0.0 
07/22/2016 01:11:50.469229,-0.010895,0.0,0.0,0.0 
07/22/2016 01:11:50.470028,-0.010986,0.0,0.0,0.0 
07/22/2016 01:11:50.472701,-0.01004,-0.061768,-0.186523,1.031982 
07/22/2016 01:11:50.473212,-0.00911,0.0,0.0,0.0 
07/22/2016 01:11:50.473698,-0.01004,0.0,0.0,0.0 
07/22/2016 01:11:50.474180,-0.010071,0.0,0.0,0.0 
07/22/2016 01:11:50.479095,-0.011566,0.0,0.0,0.0 
07/22/2016 01:11:50.479534,-0.011139,-0.063477,-0.186279,1.030518 
07/22/2016 01:11:50.489496,-0.010925,0.0,0.0,0.0 
07/22/2016 01:11:50.490248,-0.010559,0.0,0.0,0.0 
07/22/2016 01:11:50.491114,-0.00972,0.0,0.0,0.0 
07/22/2016 01:11:50.546771,-0.011765,0.0,0.0,0.0 
07/22/2016 01:11:50.547359,-0.009918,-0.061523,-0.188965,1.029541 
07/22/2016 01:11:50.547741,-0.011307,0.0,0.0,0.0 
07/22/2016 01:11:50.549007,-0.010101,0.0,0.0,0.0 
07/22/2016 01:11:50.549270,-0.00943,0.0,0.0,0.0 
07/22/2016 01:11:50.549516,-0.010727,0.0,0.0,0.0 
07/22/2016 01:11:50.558200,-0.0112,-0.061523,-0.1875,1.031982 
07/22/2016 01:11:50.558615,-0.009598,0.0,0.0,0.0 
07/22/2016 01:11:50.559021,-0.01004,0.0,0.0,0.0 
07/22/2016 01:11:50.560862,-0.010605,0.0,0.0,0.0 
07/22/2016 01:11:50.561894,-0.009888,0.0,0.0,0.0 
07/22/2016 01:11:50.612703,-0.010178,-0.05957,-0.185791,1.033447 
07/22/2016 01:11:50.613215,-0.011292,0.0,0.0,0.0 
07/22/2016 01:11:50.613695,-0.011521,0.0,0.0,0.0 
07/22/2016 01:11:50.614164,-0.010239,0.0,0.0,0.0 
07/22/2016 01:11:50.616686,-0.010636,0.0,0.0,0.0 
07/22/2016 01:11:50.617417,-0.009094,-0.062256,-0.186523,1.030029 
07/22/2016 01:11:50.618242,-0.010468,0.0,0.0,0.0 
07/22/2016 01:11:50.618717,-0.010849,0.0,0.0,0.0 
07/22/2016 01:11:50.624114,-0.011444,0.0,0.0,0.0 
07/22/2016 01:11:50.624600,-0.011414,0.0,0.0,0.0 
07/22/2016 01:11:50.628740,-0.01149,-0.060547,-0.1875,1.030029 
07/22/2016 01:11:50.629221,-0.010361,0.0,0.0,0.0 
07/22/2016 01:11:50.635260,-0.010559,0.0,0.0,0.0 
07/22/2016 01:11:50.635756,-0.009918,0.0,0.0,0.0 
07/22/2016 01:11:50.637685,-0.009476,0.0,0.0,0.0 
07/22/2016 01:11:50.640221,-0.010742,-0.062744,-0.186768,1.030518 
07/22/2016 01:11:50.646337,-0.011124,0.0,0.0,0.0 
07/22/2016 01:11:50.646612,-0.010117,0.0,0.0,0.0 
07/22/2016 01:11:50.648959,-0.010071,0.0,0.0,0.0 
07/22/2016 01:11:50.651385,-0.010269,0.0,0.0,0.0 
07/22/2016 01:11:50.651921,-0.010483,-0.058838,-0.186279,1.033447 
07/22/2016 01:11:50.652250,-0.009964,0.0,0.0,0.0 
07/22/2016 01:11:50.658196,-0.009751,0.0,0.0,0.0 
07/22/2016 01:11:50.658724,-0.010376,0.0,0.0,0.0 
07/22/2016 01:11:50.668566,-0.010239,0.0,0.0,0.0 
07/22/2016 01:11:50.680418,-0.011032,-0.062256,-0.188232,1.03125 
07/22/2016 01:11:50.681947,-0.010117,0.0,0.0,0.0 
07/22/2016 01:11:50.682248,-0.010315,0.0,0.0,0.0 
07/22/2016 01:11:50.691448,-0.010513,0.0,0.0,0.0 
07/22/2016 01:11:50.691742,-0.011551,0.0,0.0,0.0 
07/22/2016 01:11:50.692164,-0.011261,-0.062012,-0.186768,1.029297 
07/22/2016 01:11:50.694262,-0.01062,0.0,0.0,0.0 
07/22/2016 01:11:50.694747,-0.01062,0.0,0.0,0.0 
07/22/2016 01:11:50.695068,-0.009628,0.0,0.0,0.0 
07/22/2016 01:11:50.696882,-0.009369,0.0,0.0,0.0 
07/22/2016 01:11:50.697426,-0.009415,-0.061279,-0.185059,1.031494 
07/22/2016 01:11:50.702838,-0.009674,0.0,0.0,0.0 
07/22/2016 01:11:50.703352,-0.009979,0.0,0.0,0.0 
07/22/2016 01:11:50.703803,-0.010315,0.0,0.0,0.0 
07/22/2016 01:11:50.713936,-0.009293,0.0,0.0,0.0 
07/22/2016 01:11:50.714412,-0.010315,-0.060791,-0.186523,1.032715 
07/22/2016 01:11:50.714697,-0.008988,0.0,0.0,0.0 
07/22/2016 01:11:50.716408,-0.010864,0.0,0.0,0.0 
07/22/2016 01:11:50.716701,-0.01207,0.0,0.0,0.0 
07/22/2016 01:11:50.716983,-0.010788,0.0,0.0,0.0 
07/22/2016 01:11:50.720323,-0.011276,-0.060059,-0.189209,1.032471 
07/22/2016 01:11:50.720625,-0.010086,0.0,0.0,0.0 
07/22/2016 01:11:50.720906,-0.009598,0.0,0.0,0.0 
07/22/2016 01:11:50.726417,-0.009751,0.0,0.0,0.0 
07/22/2016 01:11:50.726717,-0.009873,0.0,0.0,0.0 
07/22/2016 01:11:50.727146,-0.009781,-0.062012,-0.186523,1.031006 
07/22/2016 01:11:50.737672,-0.011048,0.0,0.0,0.0 
07/22/2016 01:11:50.740119,-0.010452,0.0,0.0,0.0 
07/22/2016 01:11:50.740409,-0.011215,0.0,0.0,0.0 
07/22/2016 01:11:50.740689,-0.010742,0.0,0.0,0.0 
07/22/2016 01:11:50.747744,-0.010697,-0.060547,-0.186279,1.031006 
07/22/2016 01:11:50.748039,-0.011505,0.0,0.0,0.0 
07/22/2016 01:11:50.748320,-0.011017,0.0,0.0,0.0 
07/22/2016 01:11:50.760195,-0.010986,0.0,0.0,0.0 
07/22/2016 01:11:50.760494,-0.011093,0.0,0.0,0.0 
07/22/2016 01:11:50.761896,-0.011154,-0.063232,-0.187012,1.031006 
07/22/2016 01:11:50.764041,-0.009354,0.0,0.0,0.0 
07/22/2016 01:11:50.764335,-0.011032,0.0,0.0,0.0 
07/22/2016 01:11:50.764618,-0.010025,0.0,0.0,0.0 
07/22/2016 01:11:50.770324,-0.011017,0.0,0.0,0.0 
07/22/2016 01:11:50.770772,-0.01265,-0.061523,-0.1875,1.030518 
07/22/2016 01:11:50.780648,-0.011582,0.0,0.0,0.0 
07/22/2016 01:11:50.782738,-0.009934,0.0,0.0,0.0 
07/22/2016 01:11:50.784446,-0.009369,0.0,0.0,0.0 
07/22/2016 01:11:50.784740,-0.011078,0.0,0.0,0.0 
07/22/2016 01:11:50.787888,-0.010285,-0.05957,-0.183594,1.032715 
07/22/2016 01:11:50.788180,-0.010895,0.0,0.0,0.0 
07/22/2016 01:11:50.792543,-0.010285,0.0,0.0,0.0 
07/22/2016 01:11:50.792835,-0.010544,0.0,0.0,0.0 
07/22/2016 01:11:50.793114,-0.009522,0.0,0.0,0.0 
07/22/2016 01:11:50.804045,-0.010376,-0.062012,-0.187256,1.032715 
07/22/2016 01:11:50.804342,-0.010697,0.0,0.0,0.0 
07/22/2016 01:11:50.806502,-0.010758,0.0,0.0,0.0 
07/22/2016 01:11:50.806795,-0.010529,0.0,0.0,0.0 
07/22/2016 01:11:50.807077,-0.010651,0.0,0.0,0.0 
07/22/2016 01:11:50.828357,-0.009796,-0.061768,-0.186768,1.031738 
07/22/2016 01:11:50.828886,-0.010269,0.0,0.0,0.0 
07/22/2016 01:11:50.829399,-0.009262,0.0,0.0,0.0 
07/22/2016 01:11:50.830506,-0.010422,0.0,0.0,0.0 
07/22/2016 01:11:50.831054,-0.010559,0.0,0.0,0.0 
07/22/2016 01:11:50.848965,-0.010727,-0.05957,-0.186523,1.031982 
07/22/2016 01:11:50.849471,-0.010086,0.0,0.0,0.0 
07/22/2016 01:11:50.849955,-0.010147,0.0,0.0,0.0 
07/22/2016 01:11:50.851351,-0.010163,0.0,0.0,0.0 
07/22/2016 01:11:50.851835,-0.010575,0.0,0.0,0.0 
07/22/2016 01:11:50.852550,-0.009644,-0.059814,-0.187256,1.032227 
07/22/2016 01:11:50.853248,-0.009995,0.0,0.0,0.0 
07/22/2016 01:11:50.916346,-0.010605,0.0,0.0,0.0 
07/22/2016 01:11:50.916681,-0.01059,0.0,0.0,0.0 
07/22/2016 01:11:50.916965,-0.010544,0.0,0.0,0.0 
07/22/2016 01:11:50.920167,-0.012085,-0.062256,-0.188477,1.030762 
07/22/2016 01:11:50.920468,-0.009674,0.0,0.0,0.0 
07/22/2016 01:11:50.920753,-0.011444,0.0,0.0,0.0 
07/22/2016 01:11:50.927024,-0.012726,0.0,0.0,0.0 
07/22/2016 01:11:50.927321,-0.011704,0.0,0.0,0.0 
07/22/2016 01:11:50.939070,-0.010819,-0.061035,-0.186035,1.03125 
07/22/2016 01:11:50.941470,-0.010971,0.0,0.0,0.0 
07/22/2016 01:11:50.941769,-0.009918,0.0,0.0,0.0 
07/22/2016 01:11:50.942053,-0.011643,0.0,0.0,0.0 
07/22/2016 01:11:50.944464,-0.011978,0.0,0.0,0.0 
07/22/2016 01:11:50.950071,-0.010864,-0.060303,-0.1875,1.030762 
07/22/2016 01:11:50.950364,-0.010941,0.0,0.0,0.0 
07/22/2016 01:11:50.961475,-0.010544,0.0,0.0,0.0 
07/22/2016 01:11:50.961768,-0.010483,0.0,0.0,0.0 
07/22/2016 01:11:50.962047,-0.010727,0.0,0.0,0.0 
07/22/2016 01:11:50.965325,-0.010437,-0.060791,-0.185059,1.031738 
07/22/2016 01:11:50.965618,-0.011826,0.0,0.0,0.0 
07/22/2016 01:11:50.965899,-0.009812,0.0,0.0,0.0 
07/22/2016 01:11:50.972180,-0.009689,0.0,0.0,0.0 
07/22/2016 01:11:50.983815,-0.010559,0.0,0.0,0.0 
07/22/2016 01:11:50.986269,-0.009476,-0.061523,-0.188232,1.030762 
07/22/2016 01:11:50.986572,-0.01004,0.0,0.0,0.0 
07/22/2016 01:11:50.988200,-0.008743,0.0,0.0,0.0 
07/22/2016 01:11:50.994443,-0.009354,0.0,0.0,0.0 
07/22/2016 01:11:50.994867,-0.009934,0.0,0.0,0.0 
07/22/2016 01:11:50.997840,-0.009903,-0.061035,-0.1875,1.030273 
07/22/2016 01:11:50.999489,-0.011566,0.0,0.0,0.0 
07/22/2016 01:11:50.999785,-0.011902,0.0,0.0,0.0 
07/22/2016 01:11:51.005836,-0.009934,0.0,0.0,0.0 
07/22/2016 01:11:51.017529,-0.010819,0.0,0.0,0.0 
07/22/2016 01:11:51.020024,-0.010513,-0.061279,-0.187012,1.030273 
07/22/2016 01:11:51.020320,-0.00972,0.0,0.0,0.0 
07/22/2016 01:11:51.021995,-0.010849,0.0,0.0,0.0 
07/22/2016 01:11:51.028737,-0.010117,0.0,0.0,0.0 
07/22/2016 01:11:51.029034,-0.010651,0.0,0.0,0.0 
07/22/2016 01:11:51.040222,-0.010544,-0.059326,-0.1875,1.031006 
07/22/2016 01:11:51.042577,-0.010361,0.0,0.0,0.0 
07/22/2016 01:11:51.042872,-0.010986,0.0,0.0,0.0 
07/22/2016 01:11:51.051423,-0.011582,0.0,0.0,0.0 
07/22/2016 01:11:51.055693,-0.009979,0.0,0.0,0.0 
07/22/2016 01:11:51.062526,-0.010712,-0.061768,-0.186523,1.029541 
07/22/2016 01:11:51.062823,-0.011124,0.0,0.0,0.0 
07/22/2016 01:11:51.065080,-0.010819,0.0,0.0,0.0 
07/22/2016 01:11:51.065370,-0.010941,0.0,0.0,0.0 
07/22/2016 01:11:51.067662,-0.010712,0.0,0.0,0.0 
07/22/2016 01:11:51.073996,-0.010773,-0.060303,-0.187988,1.03125 
07/22/2016 01:11:51.076306,-0.012955,0.0,0.0,0.0 
07/22/2016 01:11:51.076603,-0.011597,0.0,0.0,0.0 
07/22/2016 01:11:51.078946,-0.010575,0.0,0.0,0.0 
07/22/2016 01:11:51.084426,-0.01091,0.0,0.0,0.0 
07/22/2016 01:11:51.086911,-0.010361,-0.060547,-0.187988,1.031006 
07/22/2016 01:11:51.087209,-0.009537,0.0,0.0,0.0 
07/22/2016 01:11:51.090097,-0.009552,0.0,0.0,0.0 
07/22/2016 01:11:51.090390,-0.009827,0.0,0.0,0.0 
07/22/2016 01:11:51.096420,-0.009476,0.0,0.0,0.0 
07/22/2016 01:11:51.098369,-0.009613,-0.061035,-0.186279,1.031982 
07/22/2016 01:11:51.100706,-0.010437,0.0,0.0,0.0 
07/22/2016 01:11:51.100998,-0.009751,0.0,0.0,0.0 
07/22/2016 01:11:51.107719,-0.010407,0.0,0.0,0.0 
07/22/2016 01:11:51.108012,-0.009659,0.0,0.0,0.0 
07/22/2016 01:11:51.112521,-0.010529,-0.05957,-0.18457,1.032471 
07/22/2016 01:11:51.112819,-0.010147,0.0,0.0,0.0 
07/22/2016 01:11:51.118186,-0.01181,0.0,0.0,0.0 
07/22/2016 01:11:51.118477,-0.011795,0.0,0.0,0.0 
07/22/2016 01:11:51.121544,-0.010483,0.0,0.0,0.0 
07/22/2016 01:11:51.123293,-0.010147,-0.061035,-0.187744,1.031738 
07/22/2016 01:11:51.192668,-0.011246,0.0,0.0,0.0 
07/22/2016 01:11:51.192973,-0.010086,0.0,0.0,0.0 
07/22/2016 01:11:51.222717,-0.011246,0.0,0.0,0.0 
07/22/2016 01:11:51.223018,-0.011185,0.0,0.0,0.0 
07/22/2016 01:11:51.223449,-0.010513,-0.061523,-0.187256,1.031738 
07/22/2016 01:11:51.225291,-0.011719,0.0,0.0,0.0 
07/22/2016 01:11:51.225585,-0.011612,0.0,0.0,0.0 
07/22/2016 01:11:51.225865,-0.010758,0.0,0.0,0.0 
07/22/2016 01:11:51.231424,-0.009873,0.0,0.0,0.0 
07/22/2016 01:11:51.233298,-0.011276,-0.062012,-0.188965,1.031494 
07/22/2016 01:11:51.241936,-0.010361,0.0,0.0,0.0 
07/22/2016 01:11:51.242237,-0.011444,0.0,0.0,0.0 
07/22/2016 01:11:51.254192,-0.010407,0.0,0.0,0.0 
07/22/2016 01:11:51.254666,-0.010132,0.0,0.0,0.0 
07/22/2016 01:11:51.256360,-0.01059,-0.060303,-0.186035,1.029297 
07/22/2016 01:11:51.256997,-0.011032,0.0,0.0,0.0 
07/22/2016 01:11:51.258319,-0.010315,0.0,0.0,0.0 
07/22/2016 01:11:51.258782,-0.010269,0.0,0.0,0.0 
07/22/2016 01:11:51.265324,-0.010437,0.0,0.0,0.0 
07/22/2016 01:11:51.275803,-0.010346,-0.061279,-0.186279,1.031982 
07/22/2016 01:11:51.287504,-0.009918,0.0,0.0,0.0 
07/22/2016 01:11:51.287798,-0.010559,0.0,0.0,0.0 
07/22/2016 01:11:51.290102,-0.01001,0.0,0.0,0.0 
07/22/2016 01:11:51.290400,-0.010071,0.0,0.0,0.0 
07/22/2016 01:11:51.298134,-0.010498,-0.060303,-0.185547,1.032471 
07/22/2016 01:11:51.300199,-0.009842,0.0,0.0,0.0 
07/22/2016 01:11:51.301978,-0.009934,0.0,0.0,0.0 
07/22/2016 01:11:51.302277,-0.011063,0.0,0.0,0.0 
07/22/2016 01:11:51.310274,-0.009781,0.0,0.0,0.0 
07/22/2016 01:11:51.310717,-0.010132,-0.060791,-0.187744,1.030762 
07/22/2016 01:11:51.321336,-0.010376,0.0,0.0,0.0 
07/22/2016 01:11:51.321627,-0.009506,0.0,0.0,0.0 
07/22/2016 01:11:51.321904,-0.010208,0.0,0.0,0.0 
07/22/2016 01:11:51.323693,-0.01004,0.0,0.0,0.0 
07/22/2016 01:11:51.324139,-0.01004,-0.061523,-0.183838,1.030029 
07/22/2016 01:11:51.326481,-0.009644,0.0,0.0,0.0 
07/22/2016 01:11:51.326804,-0.009918,0.0,0.0,0.0 
07/22/2016 01:11:51.327089,-0.009873,0.0,0.0,0.0 
07/22/2016 01:11:51.332677,-0.010758,0.0,0.0,0.0 
07/22/2016 01:11:51.343962,-0.011154,-0.061768,-0.185547,1.030762 
07/22/2016 01:11:51.344259,-0.010483,0.0,0.0,0.0 
07/22/2016 01:11:51.344542,-0.010681,0.0,0.0,0.0 
07/22/2016 01:11:51.346357,-0.012772,0.0,0.0,0.0 
